{"cameraMode":{"drawMode":0,"name":"Shaded","section":"Shading Mode"},"sceneLighting":true,"audioPlay":false,"sceneViewState":{"showFog":true,"showMaterialUpdate":false,"showSkybox":true,"showFlares":true,"showImageEffects":true,"showParticleSystems":true},"in2DMode":false,"pivot":{"x":-17.31003761291504,"y":-89.66851806640625,"z":149.94642639160157},"rotation":{"x":0.4444171190261841,"y":-0.5498213171958923,"z":0.44361990690231326,"w":0.5508098006248474},"size":143.85952758789063,"orthographic":false}