{"cameraMode":{"drawMode":0,"name":"Shaded","section":"Shading Mode"},"sceneLighting":false,"audioPlay":false,"sceneViewState":{"showFog":true,"showMaterialUpdate":false,"showSkybox":false,"showFlares":true,"showImageEffects":true,"showParticleSystems":true},"in2DMode":false,"pivot":{"x":-0.10634899139404297,"y":1.1074104309082032,"z":-5.825403213500977},"rotation":{"x":-0.12476912885904312,"y":-0.3220565617084503,"z":0.04286252707242966,"w":-0.9374833703041077},"size":10.758772850036621,"orthographic":false}