{"cameraMode":{"drawMode":0,"name":"Shaded","section":"Shading Mode"},"sceneLighting":false,"audioPlay":false,"sceneViewState":{"showFog":true,"showMaterialUpdate":false,"showSkybox":false,"showFlares":true,"showImageEffects":true,"showParticleSystems":true},"in2DMode":false,"pivot":{"x":3.2013611793518068,"y":-0.022961150854825975,"z":3.2374277114868166},"rotation":{"x":-0.1702519953250885,"y":-0.3513382077217102,"z":0.0651356503367424,"w":-0.9183317422866821},"size":16.411828994750978,"orthographic":false}